subscriptionid,billingaccountid,UsageDateTime,MeterCategory,costinbillingcurrency,paygcostinbillingcurrency,ConsumedService,InstanceId,Tags,AdditionalInfo
11111111-12ab-34dc-56ef-123456abcdef,0bd50fdf-c923-4e1e-850c-196dd3dcc123,2021-02-02,Load Balancer,0.075,0.075,Microsoft.Network,/subscriptions/11111111-12ab-34dc-56ef-123456abcdef/resourceGroups/Example-Resource-Group/providers/Microsoft.Network/loadBalancers/kubernetes,,
11111111-12ab-34dc-56ef-123456abcdef,0bd50fdf-c923-4e1e-850c-196dd3dcc123,2021-02-01,Virtual Machines,3.504,3.504,Microsoft.Compute,/subscriptions/11111111-12ab-34dc-56ef-123456abcdef/resourceGroups/Example-Resource-Group/providers/Microsoft.Compute/virtualMachineScaleSets/aks-nodepool1-12345678-vmss,"{""resourceNameSuffix"":""12345678"",""aksEngineVersion"":""aks-release-v0.47.0-1-aks"",""creationSource"":""aks-aks-nodepool1-12345678-vmss"",""orchestrator"":""Kubernetes:1.15.7"",""poolName"":""nodepool1""}","{  ""UsageType"": ""ComputeHR"",  ""ImageType"": ""Canonical"",  ""ServiceType"": ""Standard_DS2_v2"",  ""VMName"": ""aks-nodepool1-12345678-vmss_0"",  ""VMProperties"": ""Microsoft.AKS.Compute.AKS.Linux.Billing"",  ""VCPUs"": 2,  ""CPUs"": 0}"
11111111-12ab-34dc-56ef-123456abcdef,0bd50fdf-c923-4e1e-850c-196dd3dcc123,2021-02-02,Storage,0.0000045,0.0000045,Microsoft.Compute,/subscriptions/11111111-12ab-34dc-56ef-123456abcdef/resourceGroups/Example-Resource-Group/providers/Microsoft.Compute/disks/kubernetes-dynamic-pvc-1234abcd-ab12-cd34-ef56-123456abcd03,"{""kubernetes.io-created-for-pvc-namespace"":""kubecost"",""kubernetes.io-created-for-pvc-name"":""kubecost-prometheus-pushgateway"",""kubernetes.io-created-for-pv-name"":""pvc-1234abcd-ab12-cd34-ef56-123456abcd03"",""created-by"":""kubernetes-azure-dd""}",
11111111-12ab-34dc-56ef-123456abcdef,0bd50fdf-c923-4e1e-850c-196dd3dcc123,2021-02-02,Storage,0.0013392,0.0013392,Microsoft.Compute,/subscriptions/11111111-12ab-34dc-56ef-123456abcdef/resourceGroups/Example-Resource-Group/providers/Microsoft.Compute/disks/kubernetes-dynamic-pvc-1234abcd-ab12-cd34-ef56-123456abcd01,"{""kubernetes.io-created-for-pvc-namespace"":""kubecost"",""kubernetes.io-created-for-pvc-name"":""kubecost-prometheus-alertmanager"",""kubernetes.io-created-for-pv-name"":""pvc-1234abcd-ab12-cd34-ef56-123456abcd01"",""created-by"":""kubernetes-azure-dd""}",
11111111-12ab-34dc-56ef-123456abcdef,0bd50fdf-c923-4e1e-850c-196dd3dcc123,2021-02-02,Virtual Machines,0,0,Microsoft.Compute,/subscriptions/11111111-12ab-34dc-56ef-123456abcdef/resourceGroups/Example-Resource-Group/providers/Microsoft.Compute/virtualMachines/aks-nodepool1-34567890-0,"{""resourceNameSuffix"":""34567890"",""aksEngineVersion"":""v0.47.0-aks-gomod-55-aks"",""creationSource"":""aks-aks-nodepool1-34567890-0"",""orchestrator"":""Kubernetes:1.12.8"",""poolName"":""nodepool1""}","{  ""UsageType"": ""ComputeHR"",  ""ImageType"": ""Canonical"",  ""ServiceType"": ""Standard_DS2_v2"",  ""VMName"": null,  ""VMProperties"": ""Microsoft.AKS.Compute.AKS.Linux.Billing"",  ""VCPUs"": 2,  ""CPUs"": 0,  ""ReservationOrderId"": ""689aadb1-13ea-40bb-a8f9-e705dbe57543"",  ""ReservationId"": ""770228a7-62da-4155-802b-0422e1c62efc"",  ""ConsumptionMeter"": ""14fc9a21-4919-4cb1-b495-5666966556bc""}"
11111111-12ab-34dc-56ef-123456abcdef,0bd50fdf-c923-4e1e-850c-196dd3dcc123,2021-02-01,Log Analytics,0,0,microsoft.operationalinsights,/subscriptions/11111111-12ab-34dc-56ef-123456abcdef/resourcegroups/defaultresourcegroup-eus/providers/microsoft.operationalinsights/workspaces/defaultworkspace-11111111-12ab-34dc-56ef-123456abcdef-eus,,
11111111-12ab-34dc-56ef-123456abcdef,0bd50fdf-c923-4e1e-850c-196dd3dcc123,2021-02-02,Storage,0.0000045,0.0000045,Microsoft.Compute,/subscriptions/11111111-12ab-34dc-56ef-123456abcdef/resourceGroups/Example-Resource-Group/providers/Microsoft.Compute/disks/kubernetes-dynamic-pvc-1234abcd-ab12-cd34-ef56-123456abcd02,"{""kubernetes.io-created-for-pvc-namespace"":""kubecost"",""kubernetes.io-created-for-pvc-name"":""kubecost-prometheus-server"",""kubernetes.io-created-for-pv-name"":""pvc-1234abcd-ab12-cd34-ef56-123456abcd02"",""created-by"":""kubernetes-azure-dd""}",
11111111-12ab-34dc-56ef-123456abcdef,0bd50fdf-c923-4e1e-850c-196dd3dcc123,2021-02-02,Virtual Machines,0.146,0.146,Microsoft.Compute,/subscriptions/11111111-12ab-34dc-56ef-123456abcdef/resourceGroups/Example-Resource-Group/providers/Microsoft.Compute/virtualMachineScaleSets/aks-agentpool-23456789-vmss,"{""resourceNameSuffix"":""23456789"",""aksEngineVersion"":""v0.47.0-aks-gomod-81-aks"",""creationSource"":""aks-aks-agentpool-23456789-vmss"",""orchestrator"":""Kubernetes:1.16.10"",""poolName"":""agentpool""}","{  ""UsageType"": ""ComputeHR"",  ""ImageType"": ""Canonical"",  ""ServiceType"": ""Standard_DS2_v2"",  ""VMName"": ""aks-agentpool-23456789-vmss_0"",  ""VMProperties"": ""Microsoft.AKS.Compute.AKS.Linux.Billing"",  ""VCPUs"": 2,  ""CPUs"": 0}"
11111111-12ab-34dc-56ef-123456abcdef,0bd50fdf-c923-4e1e-850c-196dd3dcc123,2021-02-02,Log Analytics,0,0,microsoft.operationalinsights,/subscriptions/11111111-12ab-34dc-56ef-123456abcdef/resourcegroups/defaultresourcegroup-eus/providers/microsoft.operationalinsights/workspaces/defaultworkspace-11111111-12ab-34dc-56ef-123456abcdef-eus,,
11111111-12ab-34dc-56ef-123456abcdef,0bd50fdf-c923-4e1e-850c-196dd3dcc123,2021-02-01,Storage,0.00003615,0.00003615,Microsoft.Compute,/subscriptions/11111111-12ab-34dc-56ef-123456abcdef/resourceGroups/Example-Resource-Group/providers/Microsoft.Compute/disks/kubernetes-dynamic-pvc-1234abcd-ab12-cd34-ef56-123456abcd05,"{""kubernetes.io-created-for-pvc-namespace"":""kubecost"",""kubernetes.io-created-for-pvc-name"":""kubecost-prometheus-alertmanager"",""kubernetes.io-created-for-pv-name"":""pvc-1234abcd-ab12-cd34-ef56-123456abcd05"",""created-by"":""kubernetes-azure-dd""}",
11111111-12ab-34dc-56ef-123456abcdef,0bd50fdf-c923-4e1e-850c-196dd3dcc123,2021-02-01,Storage,0.052568064,0.052568064,Microsoft.Compute,/subscriptions/11111111-12ab-34dc-56ef-123456abcdef/resourceGroups/Example-Resource-Group/providers/Microsoft.Compute/disks/kubernetes-dynamic-pvc-1234abcd-ab12-cd34-ef56-123456abcd08,"{""kubernetes.io-created-for-pvc-namespace"":""kubecost"",""kubernetes.io-created-for-pvc-name"":""kubecost-cost-analyzer"",""kubernetes.io-created-for-pv-name"":""pvc-1234abcd-ab12-cd34-ef56-123456abcd08"",""created-by"":""kubernetes-azure-dd""}",
11111111-12ab-34dc-56ef-123456abcdef,0bd50fdf-c923-4e1e-850c-196dd3dcc123,2021-02-02,Storage,0.08798544,0.08798544,Microsoft.Compute,/subscriptions/11111111-12ab-34dc-56ef-123456abcdef/resourceGroups/Example-Resource-Group/providers/Microsoft.Compute/disks/aks-nodepool1-192133aks-nodepool1-1921336OS__1_0a5e4b97e5ca4c2ab46328ca392a02f5,"{""resourceNameSuffix"":""12345678"",""aksEngineVersion"":""aks-release-v0.47.0-1-aks"",""creationSource"":""aks-aks-nodepool1-12345678-vmss"",""orchestrator"":""Kubernetes:1.15.7"",""poolName"":""nodepool1""}",
11111111-12ab-34dc-56ef-123456abcdef,0bd50fdf-c923-4e1e-850c-196dd3dcc123,2021-02-02,Load Balancer,0.001301934407093,0.001301934407093,Microsoft.Network,/subscriptions/11111111-12ab-34dc-56ef-123456abcdef/resourceGroups/Example-Resource-Group/providers/Microsoft.Network/loadBalancers/kubernetes,,
11111111-12ab-34dc-56ef-123456abcdef,0bd50fdf-c923-4e1e-850c-196dd3dcc123,2021-02-01,Virtual Network,0.0828,0.0828,Microsoft.Network,/subscriptions/11111111-12ab-34dc-56ef-123456abcdef/resourceGroups/Example-Resource-Group/providers/Microsoft.Network/publicIPAddresses/kubernetes-aef001b536d4711ea86115a2af700dc9,"{""service"":""kubecost/kubecost-frontend-test""}",
11111111-12ab-34dc-56ef-123456abcdef,0bd50fdf-c923-4e1e-850c-196dd3dcc123,2021-02-02,Virtual Machines,0.146,0.146,Microsoft.Compute,/subscriptions/11111111-12ab-34dc-56ef-123456abcdef/resourceGroups/Example-Resource-Group/providers/Microsoft.Compute/virtualMachines/aks-agentpool-45678901-0,"{""resourceNameSuffix"":""45678901"",""aksEngineVersion"":""v0.35.3-aks"",""creationSource"":""aks-aks-agentpool-45678901-0"",""orchestrator"":""Kubernetes:1.12.8"",""poolName"":""agentpool""}","{  ""UsageType"": ""ComputeHR"",  ""ImageType"": ""Canonical"",  ""ServiceType"": ""Standard_DS2_v2"",  ""VMName"": null,  ""VMProperties"": ""Microsoft.AKS.Compute.AKS.Linux.Billing"",  ""VCPUs"": 2,  ""CPUs"": 0}"
11111111-12ab-34dc-56ef-123456abcdef,0bd50fdf-c923-4e1e-850c-196dd3dcc123,2021-02-01,Virtual Machines,3.504,3.504,Microsoft.Compute,/subscriptions/11111111-12ab-34dc-56ef-123456abcdef/resourceGroups/Example-Resource-Group/providers/Microsoft.Compute/virtualMachineScaleSets/aks-agentpool-23456789-vmss,"{""resourceNameSuffix"":""23456789"",""aksEngineVersion"":""v0.47.0-aks-gomod-81-aks"",""creationSource"":""aks-aks-agentpool-23456789-vmss"",""orchestrator"":""Kubernetes:1.16.10"",""poolName"":""agentpool""}","{  ""UsageType"": ""ComputeHR"",  ""ImageType"": ""Canonical"",  ""ServiceType"": ""Standard_DS2_v2"",  ""VMName"": ""aks-agentpool-23456789-vmss_0"",  ""VMProperties"": ""Microsoft.AKS.Compute.AKS.Linux.Billing"",  ""VCPUs"": 2,  ""CPUs"": 0}"
11111111-12ab-34dc-56ef-123456abcdef,0bd50fdf-c923-4e1e-850c-196dd3dcc123,2021-02-01,Storage,0.052568064,0.052568064,Microsoft.Compute,/subscriptions/11111111-12ab-34dc-56ef-123456abcdef/resourceGroups/Example-Resource-Group/providers/Microsoft.Compute/disks/kubernetes-dynamic-pvc-1234abcd-ab12-cd34-ef56-123456abcd05,"{""kubernetes.io-created-for-pvc-namespace"":""kubecost"",""kubernetes.io-created-for-pvc-name"":""kubecost-prometheus-alertmanager"",""kubernetes.io-created-for-pv-name"":""pvc-1234abcd-ab12-cd34-ef56-123456abcd05"",""created-by"":""kubernetes-azure-dd""}",
11111111-12ab-34dc-56ef-123456abcdef,0bd50fdf-c923-4e1e-850c-196dd3dcc123,2021-02-01,Virtual Network,0.09,0.09,Microsoft.Network,/subscriptions/11111111-12ab-34dc-56ef-123456abcdef/resourceGroups/Example-Resource-Group/providers/Microsoft.Network/publicIPAddresses/kubernetes-a173cf24babf311e98b7f8e5ecb03810,"{""service"":""kubecost/kubecost-frontend""}",
11111111-12ab-34dc-56ef-123456abcdef,0bd50fdf-c923-4e1e-850c-196dd3dcc123,2021-02-02,Storage,0.006856704,0.006856704,Microsoft.Compute,/subscriptions/11111111-12ab-34dc-56ef-123456abcdef/resourceGroups/Example-Resource-Group/providers/Microsoft.Compute/disks/kubernetes-dynamic-pvc-1234abcd-ab12-cd34-ef56-123456abcd07,"{""kubernetes.io-created-for-pvc-namespace"":""kubecost"",""kubernetes.io-created-for-pvc-name"":""kubecost-cost-analyzer"",""kubernetes.io-created-for-pv-name"":""pvc-1234abcd-ab12-cd34-ef56-123456abcd07"",""created-by"":""kubernetes-azure-dd""}",
11111111-12ab-34dc-56ef-123456abcdef,0bd50fdf-c923-4e1e-850c-196dd3dcc123,2021-02-01,Storage,0.0015896,0.0015896,Microsoft.Compute,/subscriptions/11111111-12ab-34dc-56ef-123456abcdef/resourceGroups/Example-Resource-Group/providers/Microsoft.Compute/disks/kubernetes-dynamic-pvc-1234abcd-ab12-cd34-ef56-123456abcd00,"{""kubernetes.io-created-for-pvc-namespace"":""kubecost"",""kubernetes.io-created-for-pvc-name"":""kubecost-cost-analyzer"",""kubernetes.io-created-for-pv-name"":""pvc-1234abcd-ab12-cd34-ef56-123456abcd00"",""created-by"":""kubernetes-azure-dd""}",
11111111-12ab-34dc-56ef-123456abcdef,0bd50fdf-c923-4e1e-850c-196dd3dcc123,2021-02-01,Storage,0.052568064,0.052568064,Microsoft.Compute,/subscriptions/11111111-12ab-34dc-56ef-123456abcdef/resourceGroups/Example-Resource-Group/providers/Microsoft.Compute/disks/kubernetes-dynamic-pvc-1234abcd-ab12-cd34-ef56-123456abcd03,"{""kubernetes.io-created-for-pvc-namespace"":""kubecost"",""kubernetes.io-created-for-pvc-name"":""kubecost-prometheus-pushgateway"",""kubernetes.io-created-for-pv-name"":""pvc-1234abcd-ab12-cd34-ef56-123456abcd03"",""created-by"":""kubernetes-azure-dd""}",
11111111-12ab-34dc-56ef-123456abcdef,0bd50fdf-c923-4e1e-850c-196dd3dcc123,2021-02-01,Storage,0.0000362,0.0000362,Microsoft.Compute,/subscriptions/11111111-12ab-34dc-56ef-123456abcdef/resourceGroups/Example-Resource-Group/providers/Microsoft.Compute/disks/kubernetes-dynamic-pvc-1234abcd-ab12-cd34-ef56-123456abcd07,"{""kubernetes.io-created-for-pvc-namespace"":""kubecost"",""kubernetes.io-created-for-pvc-name"":""kubecost-cost-analyzer"",""kubernetes.io-created-for-pv-name"":""pvc-1234abcd-ab12-cd34-ef56-123456abcd07"",""created-by"":""kubernetes-azure-dd""}",
11111111-12ab-34dc-56ef-123456abcdef,0bd50fdf-c923-4e1e-850c-196dd3dcc123,2021-02-01,Load Balancer,0.01236783717759,0.01236783717759,Microsoft.Network,/subscriptions/11111111-12ab-34dc-56ef-123456abcdef/resourceGroups/Example-Resource-Group/providers/Microsoft.Network/loadBalancers/kubernetes,,
11111111-12ab-34dc-56ef-123456abcdef,0bd50fdf-c923-4e1e-850c-196dd3dcc123,2021-02-01,Bandwidth,0.00000204,0.00000204,Microsoft.Compute,/subscriptions/11111111-12ab-34dc-56ef-123456abcdef/resourceGroups/Example-Resource-Group/providers/Microsoft.Compute/virtualMachineScaleSets/aks-agentpool-23456789-vmss,"{""resourceNameSuffix"":""23456789"",""aksEngineVersion"":""v0.47.0-aks-gomod-81-aks"",""creationSource"":""aks-aks-agentpool-23456789-vmss"",""orchestrator"":""Kubernetes"",""poolName"":""agentpool""}","{  ""ResourceType"": ""Bandwidth"",  ""PipelineType"": ""v2"",  ""DataTransferDirection"": ""DataTrOut"",  ""DataCenter"": ""MNZ20"",  ""NetworkBucket"": ""CH1"",  ""ContainerId"": ""1c8bb337-451e-487c-ac06-9f83cf69751f"",  ""CRPVMId"": ""2936d707-afda-4ba7-9166-9cac60faba7c""}"
11111111-12ab-34dc-56ef-123456abcdef,0bd50fdf-c923-4e1e-850c-196dd3dcc123,2021-02-01,Bandwidth,0,0,Microsoft.Compute,/subscriptions/11111111-12ab-34dc-56ef-123456abcdef/resourceGroups/Example-Resource-Group/providers/Microsoft.Compute/virtualMachines/aks-agentpool-45678901-0,"{""resourceNameSuffix"":""45678901"",""aksEngineVersion"":""v0.35.3-aks"",""creationSource"":""aks-aks-agentpool-45678901-0"",""orchestrator"":""Kubernetes"",""poolName"":""agentpool""}","{  ""ResourceType"": ""Bandwidth"",  ""PipelineType"": ""v2"",  ""DataTransferDirection"": ""DataTrOut"",  ""DataCenter"": ""MNZ20"",  ""NetworkBucket"": ""External"",  ""ContainerId"": ""e5c201c1-7acd-43c3-af5e-3480998c0776"",  ""CRPVMId"": ""0255b3e6-f280-4cb3-9664-ccbe86990e85""}"
11111111-12ab-34dc-56ef-123456abcdef,0bd50fdf-c923-4e1e-850c-196dd3dcc123,2021-02-02,Storage,0.0000045,0.0000045,Microsoft.Compute,/subscriptions/11111111-12ab-34dc-56ef-123456abcdef/resourceGroups/Example-Resource-Group/providers/Microsoft.Compute/disks/kubernetes-dynamic-pvc-1234abcd-ab12-cd34-ef56-123456abcd07,"{""kubernetes.io-created-for-pvc-namespace"":""kubecost"",""kubernetes.io-created-for-pvc-name"":""kubecost-cost-analyzer"",""kubernetes.io-created-for-pv-name"":""pvc-1234abcd-ab12-cd34-ef56-123456abcd07"",""created-by"":""kubernetes-azure-dd""}",
11111111-12ab-34dc-56ef-123456abcdef,0bd50fdf-c923-4e1e-850c-196dd3dcc123,2021-02-02,Storage,0.006856704,0.006856704,Microsoft.Compute,/subscriptions/11111111-12ab-34dc-56ef-123456abcdef/resourceGroups/Example-Resource-Group/providers/Microsoft.Compute/disks/kubernetes-dynamic-pvc-1234abcd-ab12-cd34-ef56-123456abcd02,"{""kubernetes.io-created-for-pvc-namespace"":""kubecost"",""kubernetes.io-created-for-pvc-name"":""kubecost-prometheus-server"",""kubernetes.io-created-for-pv-name"":""pvc-1234abcd-ab12-cd34-ef56-123456abcd02"",""created-by"":""kubernetes-azure-dd""}",
11111111-12ab-34dc-56ef-123456abcdef,0bd50fdf-c923-4e1e-850c-196dd3dcc123,2021-02-01,Storage,0.0102672,0.0102672,Microsoft.Compute,/subscriptions/11111111-12ab-34dc-56ef-123456abcdef/resourceGroups/Example-Resource-Group/providers/Microsoft.Compute/disks/kubernetes-dynamic-pvc-1234abcd-ab12-cd34-ef56-123456abcd06,"{""kubernetes.io-created-for-pvc-namespace"":""kubecost"",""kubernetes.io-created-for-pvc-name"":""kubecost-cost-analyzer"",""kubernetes.io-created-for-pv-name"":""pvc-1234abcd-ab12-cd34-ef56-123456abcd06"",""created-by"":""kubernetes-azure-dd""}",
11111111-12ab-34dc-56ef-123456abcdef,0bd50fdf-c923-4e1e-850c-196dd3dcc123,2021-02-01,Storage,0.0821376,0.0821376,Microsoft.Compute,/subscriptions/11111111-12ab-34dc-56ef-123456abcdef/resourceGroups/Example-Resource-Group/providers/Microsoft.Compute/disks/kubernetes-dynamic-pvc-1234abcd-ab12-cd34-ef56-123456abcd04,"{""kubernetes.io-created-for-pvc-namespace"":""kubecost"",""kubernetes.io-created-for-pvc-name"":""kubecost-prometheus-server"",""kubernetes.io-created-for-pv-name"":""pvc-1234abcd-ab12-cd34-ef56-123456abcd04"",""created-by"":""kubernetes-azure-dd""}",
11111111-12ab-34dc-56ef-123456abcdef,0bd50fdf-c923-4e1e-850c-196dd3dcc123,2021-02-01,Storage,0.67455504,0.67455504,Microsoft.Compute,/subscriptions/11111111-12ab-34dc-56ef-123456abcdef/resourceGroups/Example-Resource-Group/providers/Microsoft.Compute/disks/aks-agentpool-229217aks-agentpool-2292178OS__1_7fcada7aa38e4d5ca6d15257b8998b7a,"{""resourceNameSuffix"":""23456789"",""aksEngineVersion"":""v0.47.0-aks-gomod-81-aks"",""creationSource"":""aks-aks-agentpool-23456789-vmss"",""orchestrator"":""Kubernetes:1.16.10"",""poolName"":""agentpool""}",
11111111-12ab-34dc-56ef-123456abcdef,0bd50fdf-c923-4e1e-850c-196dd3dcc123,2021-02-02,Virtual Network,0.005,0.005,Microsoft.Network,/subscriptions/11111111-12ab-34dc-56ef-123456abcdef/resourceGroups/Example-Resource-Group/providers/Microsoft.Network/publicIPAddresses/bc6b73c3-5689-4f72-9a15-103d0c48d98f,"{""owner"":""kubernetes"",""type"":""aks-slb-managed-outbound-ip""}",
11111111-12ab-34dc-56ef-123456abcdef,0bd50fdf-c923-4e1e-850c-196dd3dcc123,2021-02-01,Bandwidth,0.000000060000000000000000000,0.000000060000000000000000000,Microsoft.Compute,/subscriptions/11111111-12ab-34dc-56ef-123456abcdef/resourceGroups/Example-Resource-Group/providers/Microsoft.Compute/virtualMachines/aks-agentpool-45678901-0,"{""resourceNameSuffix"":""45678901"",""aksEngineVersion"":""v0.35.3-aks"",""creationSource"":""aks-aks-agentpool-45678901-0"",""orchestrator"":""Kubernetes"",""poolName"":""agentpool""}","{  ""ResourceType"": ""Bandwidth"",  ""PipelineType"": ""v2"",  ""DataTransferDirection"": ""DataTrOut"",  ""DataCenter"": ""MNZ20"",  ""NetworkBucket"": ""BY1"",  ""ContainerId"": ""e5c201c1-7acd-43c3-af5e-3480998c0776"",  ""CRPVMId"": ""0255b3e6-f280-4cb3-9664-ccbe86990e85""}"
11111111-12ab-34dc-56ef-123456abcdef,0bd50fdf-c923-4e1e-850c-196dd3dcc123,2021-02-02,Bandwidth,0.000000140000000000000000,0.000000140000000000000000,Microsoft.Compute,/subscriptions/11111111-12ab-34dc-56ef-123456abcdef/resourceGroups/Example-Resource-Group/providers/Microsoft.Compute/virtualMachineScaleSets/aks-agentpool-23456789-vmss,"{""resourceNameSuffix"":""23456789"",""aksEngineVersion"":""v0.47.0-aks-gomod-81-aks"",""creationSource"":""aks-aks-agentpool-23456789-vmss"",""orchestrator"":""Kubernetes"",""poolName"":""agentpool""}","{  ""ResourceType"": ""Bandwidth"",  ""PipelineType"": ""v2"",  ""DataTransferDirection"": ""DataTrOut"",  ""DataCenter"": ""MNZ20"",  ""NetworkBucket"": ""CH1"",  ""ContainerId"": ""1c8bb337-451e-487c-ac06-9f83cf69751f"",  ""CRPVMId"": ""2936d707-afda-4ba7-9166-9cac60faba7c""}"
11111111-12ab-34dc-56ef-123456abcdef,0bd50fdf-c923-4e1e-850c-196dd3dcc123,2021-02-02,Bandwidth,0.000000020000000000000000000,0.000000020000000000000000000,Microsoft.Compute,/subscriptions/11111111-12ab-34dc-56ef-123456abcdef/resourceGroups/Example-Resource-Group/providers/Microsoft.Compute/virtualMachines/aks-agentpool-45678901-0,"{""resourceNameSuffix"":""45678901"",""aksEngineVersion"":""v0.35.3-aks"",""creationSource"":""aks-aks-agentpool-45678901-0"",""orchestrator"":""Kubernetes"",""poolName"":""agentpool""}","{  ""ResourceType"": ""Bandwidth"",  ""PipelineType"": ""v2"",  ""DataTransferDirection"": ""DataTrOut"",  ""DataCenter"": ""MNZ20"",  ""NetworkBucket"": ""BY1"",  ""ContainerId"": ""e5c201c1-7acd-43c3-af5e-3480998c0776"",  ""CRPVMId"": ""0255b3e6-f280-4cb3-9664-ccbe86990e85""}"
11111111-12ab-34dc-56ef-123456abcdef,0bd50fdf-c923-4e1e-850c-196dd3dcc123,2021-02-01,Storage,0.0013522,0.0013522,Microsoft.Compute,/subscriptions/11111111-12ab-34dc-56ef-123456abcdef/resourceGroups/Example-Resource-Group/providers/Microsoft.Compute/disks/kubernetes-dynamic-pvc-1234abcd-ab12-cd34-ef56-123456abcd06,"{""kubernetes.io-created-for-pvc-namespace"":""kubecost"",""kubernetes.io-created-for-pvc-name"":""kubecost-cost-analyzer"",""kubernetes.io-created-for-pv-name"":""pvc-1234abcd-ab12-cd34-ef56-123456abcd06"",""created-by"":""kubernetes-azure-dd""}",
11111111-12ab-34dc-56ef-123456abcdef,0bd50fdf-c923-4e1e-850c-196dd3dcc123,2021-02-01,Bandwidth,0.000000160000000000000000,0.000000160000000000000000,Microsoft.Compute,/subscriptions/11111111-12ab-34dc-56ef-123456abcdef/resourceGroups/Example-Resource-Group/providers/Microsoft.Compute/virtualMachineScaleSets/aks-agentpool-23456789-vmss,"{""resourceNameSuffix"":""23456789"",""aksEngineVersion"":""v0.47.0-aks-gomod-81-aks"",""creationSource"":""aks-aks-agentpool-23456789-vmss"",""orchestrator"":""Kubernetes"",""poolName"":""agentpool""}","{  ""ResourceType"": ""Bandwidth"",  ""PipelineType"": ""v2"",  ""DataTransferDirection"": ""DataTrOut"",  ""DataCenter"": ""MNZ20"",  ""NetworkBucket"": ""BY1"",  ""ContainerId"": ""1c8bb337-451e-487c-ac06-9f83cf69751f"",  ""CRPVMId"": ""2936d707-afda-4ba7-9166-9cac60faba7c""}"
11111111-12ab-34dc-56ef-123456abcdef,0bd50fdf-c923-4e1e-850c-196dd3dcc123,2021-02-01,Bandwidth,0.000000100000000000000000,0.000000100000000000000000,Microsoft.Compute,/subscriptions/11111111-12ab-34dc-56ef-123456abcdef/resourceGroups/Example-Resource-Group/providers/Microsoft.Compute/virtualMachineScaleSets/aks-nodepool1-12345678-vmss,"{""resourceNameSuffix"":""12345678"",""aksEngineVersion"":""aks-release-v0.47.0-1-aks"",""creationSource"":""aks-aks-nodepool1-12345678-vmss"",""orchestrator"":""Kubernetes"",""poolName"":""nodepool1""}","{  ""ResourceType"": ""Bandwidth"",  ""PipelineType"": ""v2"",  ""DataTransferDirection"": ""DataTrOut"",  ""DataCenter"": ""MNZ20"",  ""NetworkBucket"": ""BY1"",  ""ContainerId"": ""ec16b946-8778-49a4-8b9b-283bc90319ed"",  ""CRPVMId"": ""5163cb2c-2a32-4421-ab69-2a75ca69cf16""}"
11111111-12ab-34dc-56ef-123456abcdef,0bd50fdf-c923-4e1e-850c-196dd3dcc123,2021-02-02,Load Balancer,0.001686412831768,0.001686412831768,Microsoft.Network,/subscriptions/11111111-12ab-34dc-56ef-123456abcdef/resourceGroups/Example-Resource-Group/providers/Microsoft.Network/loadBalancers/kubernetes,,
11111111-12ab-34dc-56ef-123456abcdef,0bd50fdf-c923-4e1e-850c-196dd3dcc123,2021-02-02,Virtual Network,0.005,0.005,Microsoft.Network,/subscriptions/11111111-12ab-34dc-56ef-123456abcdef/resourceGroups/Example-Resource-Group/providers/Microsoft.Network/publicIPAddresses/kubernetes-a4969d597c5674b4480ec987cc6b24a1,"{""service"":""kubecost/kubecost-frontend"",""kubernetes-cluster-name"":""kubernetes""}",
11111111-12ab-34dc-56ef-123456abcdef,0bd50fdf-c923-4e1e-850c-196dd3dcc123,2021-02-02,Storage,0.08798544,0.08798544,Microsoft.Compute,/subscriptions/11111111-12ab-34dc-56ef-123456abcdef/resourceGroups/Example-Resource-Group/providers/Microsoft.Compute/disks/aks-nodepool1-34567890-0_OsDisk_1_c523fe080d784f55a7cd3868bf989fde,"{""resourceNameSuffix"":""34567890"",""aksEngineVersion"":""v0.47.0-aks-gomod-55-aks"",""creationSource"":""aks-aks-nodepool1-34567890-0"",""orchestrator"":""Kubernetes:1.12.8"",""poolName"":""nodepool1""}",
11111111-12ab-34dc-56ef-123456abcdef,0bd50fdf-c923-4e1e-850c-196dd3dcc123,2021-02-01,Virtual Machines,3.504,3.504,Microsoft.Compute,/subscriptions/11111111-12ab-34dc-56ef-123456abcdef/resourceGroups/Example-Resource-Group/providers/Microsoft.Compute/virtualMachines/aks-agentpool-45678901-0,"{""resourceNameSuffix"":""45678901"",""aksEngineVersion"":""v0.35.3-aks"",""creationSource"":""aks-aks-agentpool-45678901-0"",""orchestrator"":""Kubernetes:1.12.8"",""poolName"":""agentpool""}","{  ""UsageType"": ""ComputeHR"",  ""ImageType"": ""Canonical"",  ""ServiceType"": ""Standard_DS2_v2"",  ""VMName"": null,  ""VMProperties"": ""Microsoft.AKS.Compute.AKS.Linux.Billing"",  ""VCPUs"": 2,  ""CPUs"": 0}"
11111111-12ab-34dc-56ef-123456abcdef,0bd50fdf-c923-4e1e-850c-196dd3dcc123,2021-02-01,Virtual Network,0.125,0.125,Microsoft.Network,/subscriptions/11111111-12ab-34dc-56ef-123456abcdef/resourceGroups/Example-Resource-Group/providers/Microsoft.Network/publicIPAddresses/7b21b77b-4ed1-474b-b068-6ab6d1ecf549,"{""owner"":""kubernetes"",""type"":""aks-slb-managed-outbound-ip""}",
11111111-12ab-34dc-56ef-123456abcdef,0bd50fdf-c923-4e1e-850c-196dd3dcc123,2021-02-01,Bandwidth,0,0,Microsoft.Compute,/subscriptions/11111111-12ab-34dc-56ef-123456abcdef/resourceGroups/Example-Resource-Group/providers/Microsoft.Compute/virtualMachineScaleSets/aks-nodepool1-12345678-vmss,"{""resourceNameSuffix"":""12345678"",""aksEngineVersion"":""aks-release-v0.47.0-1-aks"",""creationSource"":""aks-aks-nodepool1-12345678-vmss"",""orchestrator"":""Kubernetes"",""poolName"":""nodepool1""}","{  ""ResourceType"": ""Bandwidth"",  ""PipelineType"": ""v2"",  ""DataTransferDirection"": ""DataTrOut"",  ""DataCenter"": ""MNZ20"",  ""NetworkBucket"": ""External"",  ""ContainerId"": ""ec16b946-8778-49a4-8b9b-283bc90319ed"",  ""CRPVMId"": ""5163cb2c-2a32-4421-ab69-2a75ca69cf16""}"
11111111-12ab-34dc-56ef-123456abcdef,0bd50fdf-c923-4e1e-850c-196dd3dcc123,2021-02-02,Storage,0.006856704,0.006856704,Microsoft.Compute,/subscriptions/11111111-12ab-34dc-56ef-123456abcdef/resourceGroups/Example-Resource-Group/providers/Microsoft.Compute/disks/kubernetes-dynamic-pvc-1234abcd-ab12-cd34-ef56-123456abcd03,"{""kubernetes.io-created-for-pvc-namespace"":""kubecost"",""kubernetes.io-created-for-pvc-name"":""kubecost-prometheus-pushgateway"",""kubernetes.io-created-for-pv-name"":""pvc-1234abcd-ab12-cd34-ef56-123456abcd03"",""created-by"":""kubernetes-azure-dd""}",
11111111-12ab-34dc-56ef-123456abcdef,0bd50fdf-c923-4e1e-850c-196dd3dcc123,2021-02-02,Storage,0.0004494,0.0004494,Microsoft.Compute,/subscriptions/11111111-12ab-34dc-56ef-123456abcdef/resourceGroups/Example-Resource-Group/providers/Microsoft.Compute/disks/kubernetes-dynamic-pvc-1234abcd-ab12-cd34-ef56-123456abcd04,"{""kubernetes.io-created-for-pvc-namespace"":""kubecost"",""kubernetes.io-created-for-pvc-name"":""kubecost-prometheus-server"",""kubernetes.io-created-for-pv-name"":""pvc-1234abcd-ab12-cd34-ef56-123456abcd04"",""created-by"":""kubernetes-azure-dd""}",
11111111-12ab-34dc-56ef-123456abcdef,0bd50fdf-c923-4e1e-850c-196dd3dcc123,2021-02-02,Bandwidth,0,0,Microsoft.Compute,/subscriptions/11111111-12ab-34dc-56ef-123456abcdef/resourceGroups/Example-Resource-Group/providers/Microsoft.Compute/virtualMachines/aks-agentpool-45678901-0,"{""resourceNameSuffix"":""45678901"",""aksEngineVersion"":""v0.35.3-aks"",""creationSource"":""aks-aks-agentpool-45678901-0"",""orchestrator"":""Kubernetes"",""poolName"":""agentpool""}","{  ""ResourceType"": ""Bandwidth"",  ""PipelineType"": ""v2"",  ""DataTransferDirection"": ""DataTrOut"",  ""DataCenter"": ""MNZ20"",  ""NetworkBucket"": ""External"",  ""ContainerId"": ""e5c201c1-7acd-43c3-af5e-3480998c0776"",  ""CRPVMId"": ""0255b3e6-f280-4cb3-9664-ccbe86990e85""}"
11111111-12ab-34dc-56ef-123456abcdef,0bd50fdf-c923-4e1e-850c-196dd3dcc123,2021-02-01,Bandwidth,0.00000154,0.00000154,Microsoft.Compute,/subscriptions/11111111-12ab-34dc-56ef-123456abcdef/resourceGroups/Example-Resource-Group/providers/Microsoft.Compute/virtualMachines/aks-nodepool1-34567890-0,"{""resourceNameSuffix"":""34567890"",""aksEngineVersion"":""v0.47.0-aks-gomod-55-aks"",""creationSource"":""aks-aks-nodepool1-34567890-0"",""orchestrator"":""Kubernetes"",""poolName"":""nodepool1""}","{  ""ResourceType"": ""Bandwidth"",  ""PipelineType"": ""v2"",  ""DataTransferDirection"": ""DataTrOut"",  ""DataCenter"": ""MNZ20"",  ""NetworkBucket"": ""CH1"",  ""ContainerId"": ""ff90fab7-1094-4325-89db-9c12a140131a"",  ""CRPVMId"": ""93b04f9b-4950-42cc-a42e-d72bc852d1e4""}"
11111111-12ab-34dc-56ef-123456abcdef,0bd50fdf-c923-4e1e-850c-196dd3dcc123,2021-02-01,Storage,0.67455504,0.67455504,Microsoft.Compute,/subscriptions/11111111-12ab-34dc-56ef-123456abcdef/resourceGroups/Example-Resource-Group/providers/Microsoft.Compute/disks/aks-agentpool-45678901-0_OsDisk_1_6bb726d077d84b238780857a380772ea,"{""resourceNameSuffix"":""45678901"",""aksEngineVersion"":""v0.35.3-aks"",""creationSource"":""aks-aks-agentpool-45678901-0"",""orchestrator"":""Kubernetes:1.12.8"",""poolName"":""agentpool""}",
11111111-12ab-34dc-56ef-123456abcdef,0bd50fdf-c923-4e1e-850c-196dd3dcc123,2021-02-01,Virtual Network,0.15,0.15,Microsoft.Network,/subscriptions/11111111-12ab-34dc-56ef-123456abcdef/resourceGroups/Example-Resource-Group/providers/Microsoft.Network/publicIPAddresses/bc6b73c3-5689-4f72-9a15-103d0c48d98f,"{""owner"":""kubernetes"",""type"":""aks-slb-managed-outbound-ip""}",
11111111-12ab-34dc-56ef-123456abcdef,0bd50fdf-c923-4e1e-850c-196dd3dcc123,2021-02-01,Virtual Machines,0,0,Microsoft.Compute,/subscriptions/11111111-12ab-34dc-56ef-123456abcdef/resourceGroups/Example-Resource-Group/providers/Microsoft.Compute/virtualMachines/aks-nodepool1-34567890-0,"{""resourceNameSuffix"":""34567890"",""aksEngineVersion"":""v0.47.0-aks-gomod-55-aks"",""creationSource"":""aks-aks-nodepool1-34567890-0"",""orchestrator"":""Kubernetes:1.12.8"",""poolName"":""nodepool1""}","{  ""UsageType"": ""ComputeHR"",  ""ImageType"": ""Canonical"",  ""ServiceType"": ""Standard_DS2_v2"",  ""VMName"": null,  ""VMProperties"": ""Microsoft.AKS.Compute.AKS.Linux.Billing"",  ""VCPUs"": 2,  ""CPUs"": 0,  ""ReservationOrderId"": ""689aadb1-13ea-40bb-a8f9-e705dbe57543"",  ""ReservationId"": ""770228a7-62da-4155-802b-0422e1c62efc"",  ""ConsumptionMeter"": ""14fc9a21-4919-4cb1-b495-5666966556bc""}"
11111111-12ab-34dc-56ef-123456abcdef,0bd50fdf-c923-4e1e-850c-196dd3dcc123,2021-02-02,Bandwidth,0,0,Microsoft.Compute,/subscriptions/11111111-12ab-34dc-56ef-123456abcdef/resourceGroups/Example-Resource-Group/providers/Microsoft.Compute/virtualMachineScaleSets/aks-nodepool1-12345678-vmss,"{""resourceNameSuffix"":""12345678"",""aksEngineVersion"":""aks-release-v0.47.0-1-aks"",""creationSource"":""aks-aks-nodepool1-12345678-vmss"",""orchestrator"":""Kubernetes"",""poolName"":""nodepool1""}","{  ""ResourceType"": ""Bandwidth"",  ""PipelineType"": ""v2"",  ""DataTransferDirection"": ""DataTrOut"",  ""DataCenter"": ""MNZ20"",  ""NetworkBucket"": ""External"",  ""ContainerId"": ""ec16b946-8778-49a4-8b9b-283bc90319ed"",  ""CRPVMId"": ""5163cb2c-2a32-4421-ab69-2a75ca69cf16""}"
11111111-12ab-34dc-56ef-123456abcdef,0bd50fdf-c923-4e1e-850c-196dd3dcc123,2021-02-01,Bandwidth,0.000000040000000000000000000,0.000000040000000000000000000,Microsoft.Compute,/subscriptions/11111111-12ab-34dc-56ef-123456abcdef/resourceGroups/Example-Resource-Group/providers/Microsoft.Compute/virtualMachines/aks-nodepool1-34567890-0,"{""resourceNameSuffix"":""34567890"",""aksEngineVersion"":""v0.47.0-aks-gomod-55-aks"",""creationSource"":""aks-aks-nodepool1-34567890-0"",""orchestrator"":""Kubernetes"",""poolName"":""nodepool1""}","{  ""ResourceType"": ""Bandwidth"",  ""PipelineType"": ""v2"",  ""DataTransferDirection"": ""DataTrOut"",  ""DataCenter"": ""MNZ20"",  ""NetworkBucket"": ""BY1"",  ""ContainerId"": ""ff90fab7-1094-4325-89db-9c12a140131a"",  ""CRPVMId"": ""93b04f9b-4950-42cc-a42e-d72bc852d1e4""}"
11111111-12ab-34dc-56ef-123456abcdef,0bd50fdf-c923-4e1e-850c-196dd3dcc123,2021-02-02,Storage,0.0002082,0.0002082,Microsoft.Compute,/subscriptions/11111111-12ab-34dc-56ef-123456abcdef/resourceGroups/Example-Resource-Group/providers/Microsoft.Compute/disks/kubernetes-dynamic-pvc-1234abcd-ab12-cd34-ef56-123456abcd00,"{""kubernetes.io-created-for-pvc-namespace"":""kubecost"",""kubernetes.io-created-for-pvc-name"":""kubecost-cost-analyzer"",""kubernetes.io-created-for-pv-name"":""pvc-1234abcd-ab12-cd34-ef56-123456abcd00"",""created-by"":""kubernetes-azure-dd""}",
11111111-12ab-34dc-56ef-123456abcdef,0bd50fdf-c923-4e1e-850c-196dd3dcc123,2021-02-01,Storage,0.0102672,0.0102672,Microsoft.Compute,/subscriptions/11111111-12ab-34dc-56ef-123456abcdef/resourceGroups/Example-Resource-Group/providers/Microsoft.Compute/disks/kubernetes-dynamic-pvc-1234abcd-ab12-cd34-ef56-123456abcd01,"{""kubernetes.io-created-for-pvc-namespace"":""kubecost"",""kubernetes.io-created-for-pvc-name"":""kubecost-prometheus-alertmanager"",""kubernetes.io-created-for-pv-name"":""pvc-1234abcd-ab12-cd34-ef56-123456abcd01"",""created-by"":""kubernetes-azure-dd""}",
11111111-12ab-34dc-56ef-123456abcdef,0bd50fdf-c923-4e1e-850c-196dd3dcc123,2021-02-02,Storage,0.0013392,0.0013392,Microsoft.Compute,/subscriptions/11111111-12ab-34dc-56ef-123456abcdef/resourceGroups/Example-Resource-Group/providers/Microsoft.Compute/disks/kubernetes-dynamic-pvc-1234abcd-ab12-cd34-ef56-123456abcd00,"{""kubernetes.io-created-for-pvc-namespace"":""kubecost"",""kubernetes.io-created-for-pvc-name"":""kubecost-cost-analyzer"",""kubernetes.io-created-for-pv-name"":""pvc-1234abcd-ab12-cd34-ef56-123456abcd00"",""created-by"":""kubernetes-azure-dd""}",
11111111-12ab-34dc-56ef-123456abcdef,0bd50fdf-c923-4e1e-850c-196dd3dcc123,2021-02-01,Storage,0.052568064,0.052568064,Microsoft.Compute,/subscriptions/11111111-12ab-34dc-56ef-123456abcdef/resourceGroups/Example-Resource-Group/providers/Microsoft.Compute/disks/kubernetes-dynamic-pvc-1234abcd-ab12-cd34-ef56-123456abcd02,"{""kubernetes.io-created-for-pvc-namespace"":""kubecost"",""kubernetes.io-created-for-pvc-name"":""kubecost-prometheus-server"",""kubernetes.io-created-for-pv-name"":""pvc-1234abcd-ab12-cd34-ef56-123456abcd02"",""created-by"":""kubernetes-azure-dd""}",
11111111-12ab-34dc-56ef-123456abcdef,0bd50fdf-c923-4e1e-850c-196dd3dcc123,2021-02-01,Storage,0.00003615,0.00003615,Microsoft.Compute,/subscriptions/11111111-12ab-34dc-56ef-123456abcdef/resourceGroups/Example-Resource-Group/providers/Microsoft.Compute/disks/kubernetes-dynamic-pvc-1234abcd-ab12-cd34-ef56-123456abcd03,"{""kubernetes.io-created-for-pvc-namespace"":""kubecost"",""kubernetes.io-created-for-pvc-name"":""kubecost-prometheus-pushgateway"",""kubernetes.io-created-for-pv-name"":""pvc-1234abcd-ab12-cd34-ef56-123456abcd03"",""created-by"":""kubernetes-azure-dd""}",
11111111-12ab-34dc-56ef-123456abcdef,0bd50fdf-c923-4e1e-850c-196dd3dcc123,2021-02-02,Storage,0.000177,0.000177,Microsoft.Compute,/subscriptions/11111111-12ab-34dc-56ef-123456abcdef/resourceGroups/Example-Resource-Group/providers/Microsoft.Compute/disks/kubernetes-dynamic-pvc-1234abcd-ab12-cd34-ef56-123456abcd06,"{""kubernetes.io-created-for-pvc-namespace"":""kubecost"",""kubernetes.io-created-for-pvc-name"":""kubecost-cost-analyzer"",""kubernetes.io-created-for-pv-name"":""pvc-1234abcd-ab12-cd34-ef56-123456abcd06"",""created-by"":""kubernetes-azure-dd""}",
11111111-12ab-34dc-56ef-123456abcdef,0bd50fdf-c923-4e1e-850c-196dd3dcc123,2021-02-01,Storage,0.67455504,0.67455504,Microsoft.Compute,/subscriptions/11111111-12ab-34dc-56ef-123456abcdef/resourceGroups/Example-Resource-Group/providers/Microsoft.Compute/disks/aks-nodepool1-192133aks-nodepool1-1921336OS__1_0a5e4b97e5ca4c2ab46328ca392a02f5,"{""resourceNameSuffix"":""12345678"",""aksEngineVersion"":""aks-release-v0.47.0-1-aks"",""creationSource"":""aks-aks-nodepool1-12345678-vmss"",""orchestrator"":""Kubernetes:1.15.7"",""poolName"":""nodepool1""}",
11111111-12ab-34dc-56ef-123456abcdef,0bd50fdf-c923-4e1e-850c-196dd3dcc123,2021-02-02,Storage,0.0107136,0.0107136,Microsoft.Compute,/subscriptions/11111111-12ab-34dc-56ef-123456abcdef/resourceGroups/Example-Resource-Group/providers/Microsoft.Compute/disks/kubernetes-dynamic-pvc-1234abcd-ab12-cd34-ef56-123456abcd04,"{""kubernetes.io-created-for-pvc-namespace"":""kubecost"",""kubernetes.io-created-for-pvc-name"":""kubecost-prometheus-server"",""kubernetes.io-created-for-pv-name"":""pvc-1234abcd-ab12-cd34-ef56-123456abcd04"",""created-by"":""kubernetes-azure-dd""}",
11111111-12ab-34dc-56ef-123456abcdef,0bd50fdf-c923-4e1e-850c-196dd3dcc123,2021-02-01,Storage,0.0032604,0.0032604,Microsoft.Compute,/subscriptions/11111111-12ab-34dc-56ef-123456abcdef/resourceGroups/Example-Resource-Group/providers/Microsoft.Compute/disks/kubernetes-dynamic-pvc-1234abcd-ab12-cd34-ef56-123456abcd04,"{""kubernetes.io-created-for-pvc-namespace"":""kubecost"",""kubernetes.io-created-for-pvc-name"":""kubecost-prometheus-server"",""kubernetes.io-created-for-pv-name"":""pvc-1234abcd-ab12-cd34-ef56-123456abcd04"",""created-by"":""kubernetes-azure-dd""}",
11111111-12ab-34dc-56ef-123456abcdef,0bd50fdf-c923-4e1e-850c-196dd3dcc123,2021-02-01,Bandwidth,0,0,Microsoft.Compute,/subscriptions/11111111-12ab-34dc-56ef-123456abcdef/resourceGroups/Example-Resource-Group/providers/Microsoft.Compute/virtualMachines/aks-nodepool1-34567890-0,"{""resourceNameSuffix"":""34567890"",""aksEngineVersion"":""v0.47.0-aks-gomod-55-aks"",""creationSource"":""aks-aks-nodepool1-34567890-0"",""orchestrator"":""Kubernetes"",""poolName"":""nodepool1""}","{  ""ResourceType"": ""Bandwidth"",  ""PipelineType"": ""v2"",  ""DataTransferDirection"": ""DataTrOut"",  ""DataCenter"": ""MNZ20"",  ""NetworkBucket"": ""External"",  ""ContainerId"": ""ff90fab7-1094-4325-89db-9c12a140131a"",  ""CRPVMId"": ""93b04f9b-4950-42cc-a42e-d72bc852d1e4""}"
11111111-12ab-34dc-56ef-123456abcdef,0bd50fdf-c923-4e1e-850c-196dd3dcc123,2021-02-02,Storage,0.0013392,0.0013392,Microsoft.Compute,/subscriptions/11111111-12ab-34dc-56ef-123456abcdef/resourceGroups/Example-Resource-Group/providers/Microsoft.Compute/disks/kubernetes-dynamic-pvc-1234abcd-ab12-cd34-ef56-123456abcd06,"{""kubernetes.io-created-for-pvc-namespace"":""kubecost"",""kubernetes.io-created-for-pvc-name"":""kubecost-cost-analyzer"",""kubernetes.io-created-for-pv-name"":""pvc-1234abcd-ab12-cd34-ef56-123456abcd06"",""created-by"":""kubernetes-azure-dd""}",
11111111-12ab-34dc-56ef-123456abcdef,0bd50fdf-c923-4e1e-850c-196dd3dcc123,2021-02-02,Virtual Machines,0.146,0.146,Microsoft.Compute,/subscriptions/11111111-12ab-34dc-56ef-123456abcdef/resourceGroups/Example-Resource-Group/providers/Microsoft.Compute/virtualMachineScaleSets/aks-nodepool1-12345678-vmss,"{""resourceNameSuffix"":""12345678"",""aksEngineVersion"":""aks-release-v0.47.0-1-aks"",""creationSource"":""aks-aks-nodepool1-12345678-vmss"",""orchestrator"":""Kubernetes:1.15.7"",""poolName"":""nodepool1""}","{  ""UsageType"": ""ComputeHR"",  ""ImageType"": ""Canonical"",  ""ServiceType"": ""Standard_DS2_v2"",  ""VMName"": ""aks-nodepool1-12345678-vmss_0"",  ""VMProperties"": ""Microsoft.AKS.Compute.AKS.Linux.Billing"",  ""VCPUs"": 2,  ""CPUs"": 0}"
11111111-12ab-34dc-56ef-123456abcdef,0bd50fdf-c923-4e1e-850c-196dd3dcc123,2021-02-02,Virtual Network,0.0072,0.0072,Microsoft.Network,/subscriptions/11111111-12ab-34dc-56ef-123456abcdef/resourceGroups/Example-Resource-Group/providers/Microsoft.Network/publicIPAddresses/kubernetes-aef001b536d4711ea86115a2af700dc9,"{""service"":""kubecost/kubecost-frontend-test""}",
11111111-12ab-34dc-56ef-123456abcdef,0bd50fdf-c923-4e1e-850c-196dd3dcc123,2021-02-02,Storage,0.00000445,0.00000445,Microsoft.Compute,/subscriptions/11111111-12ab-34dc-56ef-123456abcdef/resourceGroups/Example-Resource-Group/providers/Microsoft.Compute/disks/kubernetes-dynamic-pvc-1234abcd-ab12-cd34-ef56-123456abcd05,"{""kubernetes.io-created-for-pvc-namespace"":""kubecost"",""kubernetes.io-created-for-pvc-name"":""kubecost-prometheus-alertmanager"",""kubernetes.io-created-for-pv-name"":""pvc-1234abcd-ab12-cd34-ef56-123456abcd05"",""created-by"":""kubernetes-azure-dd""}",
11111111-12ab-34dc-56ef-123456abcdef,0bd50fdf-c923-4e1e-850c-196dd3dcc123,2021-02-01,Load Balancer,0.575,0.575,Microsoft.Network,/subscriptions/11111111-12ab-34dc-56ef-123456abcdef/resourceGroups/Example-Resource-Group/providers/Microsoft.Network/loadBalancers/kubernetes,,
11111111-12ab-34dc-56ef-123456abcdef,0bd50fdf-c923-4e1e-850c-196dd3dcc123,2021-02-01,Load Balancer,0.00992768780794,0.00992768780794,Microsoft.Network,/subscriptions/11111111-12ab-34dc-56ef-123456abcdef/resourceGroups/Example-Resource-Group/providers/Microsoft.Network/loadBalancers/kubernetes,,
11111111-12ab-34dc-56ef-123456abcdef,0bd50fdf-c923-4e1e-850c-196dd3dcc123,2021-02-02,Bandwidth,0,0,Microsoft.Compute,/subscriptions/11111111-12ab-34dc-56ef-123456abcdef/resourceGroups/Example-Resource-Group/providers/Microsoft.Compute/virtualMachines/aks-nodepool1-34567890-0,"{""resourceNameSuffix"":""34567890"",""aksEngineVersion"":""v0.47.0-aks-gomod-55-aks"",""creationSource"":""aks-aks-nodepool1-34567890-0"",""orchestrator"":""Kubernetes"",""poolName"":""nodepool1""}","{  ""ResourceType"": ""Bandwidth"",  ""PipelineType"": ""v2"",  ""DataTransferDirection"": ""DataTrOut"",  ""DataCenter"": ""MNZ20"",  ""NetworkBucket"": ""External"",  ""ContainerId"": ""ff90fab7-1094-4325-89db-9c12a140131a"",  ""CRPVMId"": ""93b04f9b-4950-42cc-a42e-d72bc852d1e4""}"
11111111-12ab-34dc-56ef-123456abcdef,0bd50fdf-c923-4e1e-850c-196dd3dcc123,2021-02-01,Storage,0.0102672,0.0102672,Microsoft.Compute,/subscriptions/11111111-12ab-34dc-56ef-123456abcdef/resourceGroups/Example-Resource-Group/providers/Microsoft.Compute/disks/kubernetes-dynamic-pvc-1234abcd-ab12-cd34-ef56-123456abcd00,"{""kubernetes.io-created-for-pvc-namespace"":""kubecost"",""kubernetes.io-created-for-pvc-name"":""kubecost-cost-analyzer"",""kubernetes.io-created-for-pv-name"":""pvc-1234abcd-ab12-cd34-ef56-123456abcd00"",""created-by"":""kubernetes-azure-dd""}",
11111111-12ab-34dc-56ef-123456abcdef,0bd50fdf-c923-4e1e-850c-196dd3dcc123,2021-02-01,Virtual Network,0.14,0.14,Microsoft.Network,/subscriptions/11111111-12ab-34dc-56ef-123456abcdef/resourceGroups/Example-Resource-Group/providers/Microsoft.Network/publicIPAddresses/kubernetes-a4969d597c5674b4480ec987cc6b24a1,"{""service"":""kubecost/kubecost-frontend"",""kubernetes-cluster-name"":""kubernetes""}",
11111111-12ab-34dc-56ef-123456abcdef,0bd50fdf-c923-4e1e-850c-196dd3dcc123,2021-02-02,Bandwidth,0,0,Microsoft.Compute,/subscriptions/11111111-12ab-34dc-56ef-123456abcdef/resourceGroups/Example-Resource-Group/providers/Microsoft.Compute/virtualMachineScaleSets/aks-agentpool-23456789-vmss,"{""resourceNameSuffix"":""23456789"",""aksEngineVersion"":""v0.47.0-aks-gomod-81-aks"",""creationSource"":""aks-aks-agentpool-23456789-vmss"",""orchestrator"":""Kubernetes"",""poolName"":""agentpool""}","{  ""ResourceType"": ""Bandwidth"",  ""PipelineType"": ""v2"",  ""DataTransferDirection"": ""DataTrOut"",  ""DataCenter"": ""MNZ20"",  ""NetworkBucket"": ""External"",  ""ContainerId"": ""1c8bb337-451e-487c-ac06-9f83cf69751f"",  ""CRPVMId"": ""2936d707-afda-4ba7-9166-9cac60faba7c""}"
11111111-12ab-34dc-56ef-123456abcdef,0bd50fdf-c923-4e1e-850c-196dd3dcc123,2021-02-01,Storage,0.052568064,0.052568064,Microsoft.Compute,/subscriptions/11111111-12ab-34dc-56ef-123456abcdef/resourceGroups/Example-Resource-Group/providers/Microsoft.Compute/disks/kubernetes-dynamic-pvc-1234abcd-ab12-cd34-ef56-123456abcd07,"{""kubernetes.io-created-for-pvc-namespace"":""kubecost"",""kubernetes.io-created-for-pvc-name"":""kubecost-cost-analyzer"",""kubernetes.io-created-for-pv-name"":""pvc-1234abcd-ab12-cd34-ef56-123456abcd07"",""created-by"":""kubernetes-azure-dd""}",
11111111-12ab-34dc-56ef-123456abcdef,0bd50fdf-c923-4e1e-850c-196dd3dcc123,2021-02-02,Storage,0.006856704,0.006856704,Microsoft.Compute,/subscriptions/11111111-12ab-34dc-56ef-123456abcdef/resourceGroups/Example-Resource-Group/providers/Microsoft.Compute/disks/kubernetes-dynamic-pvc-1234abcd-ab12-cd34-ef56-123456abcd08,"{""kubernetes.io-created-for-pvc-namespace"":""kubecost"",""kubernetes.io-created-for-pvc-name"":""kubecost-cost-analyzer"",""kubernetes.io-created-for-pv-name"":""pvc-1234abcd-ab12-cd34-ef56-123456abcd08"",""created-by"":""kubernetes-azure-dd""}",
11111111-12ab-34dc-56ef-123456abcdef,0bd50fdf-c923-4e1e-850c-196dd3dcc123,2021-02-02,Storage,0.000191,0.000191,Microsoft.Compute,/subscriptions/11111111-12ab-34dc-56ef-123456abcdef/resourceGroups/Example-Resource-Group/providers/Microsoft.Compute/disks/kubernetes-dynamic-pvc-1234abcd-ab12-cd34-ef56-123456abcd01,"{""kubernetes.io-created-for-pvc-namespace"":""kubecost"",""kubernetes.io-created-for-pvc-name"":""kubecost-prometheus-alertmanager"",""kubernetes.io-created-for-pv-name"":""pvc-1234abcd-ab12-cd34-ef56-123456abcd01"",""created-by"":""kubernetes-azure-dd""}",
11111111-12ab-34dc-56ef-123456abcdef,0bd50fdf-c923-4e1e-850c-196dd3dcc123,2021-02-01,Storage,0.0014714,0.0014714,Microsoft.Compute,/subscriptions/11111111-12ab-34dc-56ef-123456abcdef/resourceGroups/Example-Resource-Group/providers/Microsoft.Compute/disks/kubernetes-dynamic-pvc-1234abcd-ab12-cd34-ef56-123456abcd01,"{""kubernetes.io-created-for-pvc-namespace"":""kubecost"",""kubernetes.io-created-for-pvc-name"":""kubecost-prometheus-alertmanager"",""kubernetes.io-created-for-pv-name"":""pvc-1234abcd-ab12-cd34-ef56-123456abcd01"",""created-by"":""kubernetes-azure-dd""}",
11111111-12ab-34dc-56ef-123456abcdef,0bd50fdf-c923-4e1e-850c-196dd3dcc123,2021-02-01,Load Balancer,0.575,0.575,Microsoft.Network,/subscriptions/11111111-12ab-34dc-56ef-123456abcdef/resourceGroups/Example-Resource-Group/providers/Microsoft.Network/loadBalancers/kubernetes,,
11111111-12ab-34dc-56ef-123456abcdef,0bd50fdf-c923-4e1e-850c-196dd3dcc123,2021-02-02,Virtual Network,0.0144,0.0144,Microsoft.Network,/subscriptions/11111111-12ab-34dc-56ef-123456abcdef/resourceGroups/Example-Resource-Group/providers/Microsoft.Network/publicIPAddresses/kubernetes-a173cf24babf311e98b7f8e5ecb03810,"{""service"":""kubecost/kubecost-frontend""}",
11111111-12ab-34dc-56ef-123456abcdef,0bd50fdf-c923-4e1e-850c-196dd3dcc123,2021-02-02,Virtual Network,0.015,0.015,Microsoft.Network,/subscriptions/11111111-12ab-34dc-56ef-123456abcdef/resourceGroups/Example-Resource-Group/providers/Microsoft.Network/publicIPAddresses/7b21b77b-4ed1-474b-b068-6ab6d1ecf549,"{""owner"":""kubernetes"",""type"":""aks-slb-managed-outbound-ip""}",
11111111-12ab-34dc-56ef-123456abcdef,0bd50fdf-c923-4e1e-850c-196dd3dcc123,2021-02-01,Bandwidth,0,0,Microsoft.Compute,/subscriptions/11111111-12ab-34dc-56ef-123456abcdef/resourceGroups/Example-Resource-Group/providers/Microsoft.Compute/virtualMachineScaleSets/aks-agentpool-23456789-vmss,"{""resourceNameSuffix"":""23456789"",""aksEngineVersion"":""v0.47.0-aks-gomod-81-aks"",""creationSource"":""aks-aks-agentpool-23456789-vmss"",""orchestrator"":""Kubernetes"",""poolName"":""agentpool""}","{  ""ResourceType"": ""Bandwidth"",  ""PipelineType"": ""v2"",  ""DataTransferDirection"": ""DataTrOut"",  ""DataCenter"": ""MNZ20"",  ""NetworkBucket"": ""External"",  ""ContainerId"": ""1c8bb337-451e-487c-ac06-9f83cf69751f"",  ""CRPVMId"": ""2936d707-afda-4ba7-9166-9cac60faba7c""}"
11111111-12ab-34dc-56ef-123456abcdef,0bd50fdf-c923-4e1e-850c-196dd3dcc123,2021-02-01,Storage,0.67455504,0.67455504,Microsoft.Compute,/subscriptions/11111111-12ab-34dc-56ef-123456abcdef/resourceGroups/Example-Resource-Group/providers/Microsoft.Compute/disks/aks-nodepool1-34567890-0_OsDisk_1_c523fe080d784f55a7cd3868bf989fde,"{""resourceNameSuffix"":""34567890"",""aksEngineVersion"":""v0.47.0-aks-gomod-55-aks"",""creationSource"":""aks-aks-nodepool1-34567890-0"",""orchestrator"":""Kubernetes:1.12.8"",""poolName"":""nodepool1""}",
11111111-12ab-34dc-56ef-123456abcdef,0bd50fdf-c923-4e1e-850c-196dd3dcc123,2021-02-01,Storage,0.00003615,0.00003615,Microsoft.Compute,/subscriptions/11111111-12ab-34dc-56ef-123456abcdef/resourceGroups/Example-Resource-Group/providers/Microsoft.Compute/disks/kubernetes-dynamic-pvc-1234abcd-ab12-cd34-ef56-123456abcd02,"{""kubernetes.io-created-for-pvc-namespace"":""kubecost"",""kubernetes.io-created-for-pvc-name"":""kubecost-prometheus-server"",""kubernetes.io-created-for-pv-name"":""pvc-1234abcd-ab12-cd34-ef56-123456abcd02"",""created-by"":""kubernetes-azure-dd""}",
11111111-12ab-34dc-56ef-123456abcdef,0bd50fdf-c923-4e1e-850c-196dd3dcc123,2021-02-02,Bandwidth,0.000000280000000000000000,0.000000280000000000000000,Microsoft.Compute,/subscriptions/11111111-12ab-34dc-56ef-123456abcdef/resourceGroups/Example-Resource-Group/providers/Microsoft.Compute/virtualMachines/aks-nodepool1-34567890-0,"{""resourceNameSuffix"":""34567890"",""aksEngineVersion"":""v0.47.0-aks-gomod-55-aks"",""creationSource"":""aks-aks-nodepool1-34567890-0"",""orchestrator"":""Kubernetes"",""poolName"":""nodepool1""}","{  ""ResourceType"": ""Bandwidth"",  ""PipelineType"": ""v2"",  ""DataTransferDirection"": ""DataTrOut"",  ""DataCenter"": ""MNZ20"",  ""NetworkBucket"": ""CH1"",  ""ContainerId"": ""ff90fab7-1094-4325-89db-9c12a140131a"",  ""CRPVMId"": ""93b04f9b-4950-42cc-a42e-d72bc852d1e4""}"
11111111-12ab-34dc-56ef-123456abcdef,0bd50fdf-c923-4e1e-850c-196dd3dcc123,2021-02-02,Storage,0.08798544,0.08798544,Microsoft.Compute,/subscriptions/11111111-12ab-34dc-56ef-123456abcdef/resourceGroups/Example-Resource-Group/providers/Microsoft.Compute/disks/aks-agentpool-229217aks-agentpool-2292178OS__1_7fcada7aa38e4d5ca6d15257b8998b7a,"{""resourceNameSuffix"":""23456789"",""aksEngineVersion"":""v0.47.0-aks-gomod-81-aks"",""creationSource"":""aks-aks-agentpool-23456789-vmss"",""orchestrator"":""Kubernetes:1.16.10"",""poolName"":""agentpool""}",
11111111-12ab-34dc-56ef-123456abcdef,0bd50fdf-c923-4e1e-850c-196dd3dcc123,2021-02-02,Load Balancer,0.075,0.075,Microsoft.Network,/subscriptions/11111111-12ab-34dc-56ef-123456abcdef/resourceGroups/Example-Resource-Group/providers/Microsoft.Network/loadBalancers/kubernetes,,
11111111-12ab-34dc-56ef-123456abcdef,0bd50fdf-c923-4e1e-850c-196dd3dcc123,2021-02-02,Storage,0.08798544,0.08798544,Microsoft.Compute,/subscriptions/11111111-12ab-34dc-56ef-123456abcdef/resourceGroups/Example-Resource-Group/providers/Microsoft.Compute/disks/aks-agentpool-45678901-0_OsDisk_1_6bb726d077d84b238780857a380772ea,"{""resourceNameSuffix"":""45678901"",""aksEngineVersion"":""v0.35.3-aks"",""creationSource"":""aks-aks-agentpool-45678901-0"",""orchestrator"":""Kubernetes:1.12.8"",""poolName"":""agentpool""}",
11111111-12ab-34dc-56ef-123456abcdef,0bd50fdf-c923-4e1e-850c-196dd3dcc123,2021-02-02,Storage,0.006856704,0.006856704,Microsoft.Compute,/subscriptions/11111111-12ab-34dc-56ef-123456abcdef/resourceGroups/Example-Resource-Group/providers/Microsoft.Compute/disks/kubernetes-dynamic-pvc-1234abcd-ab12-cd34-ef56-123456abcd05,"{""kubernetes.io-created-for-pvc-namespace"":""kubecost"",""kubernetes.io-created-for-pvc-name"":""kubecost-prometheus-alertmanager"",""kubernetes.io-created-for-pv-name"":""pvc-1234abcd-ab12-cd34-ef56-123456abcd05"",""created-by"":""kubernetes-azure-dd""}",
